,Accuracy Score,Confusion Matrix,Training Time,Predict Time,Processing
0,0.8487394957983193,"[[18 16]
 [ 2 83]]",1.140233039855957,0.06621098518371582,Label Encoded
1,0.8991596638655462,"[[31  3]
 [ 9 76]]",1.2682807445526123,0.055265188217163086,One Hot Encoded
2,0.8739495798319328,"[[20 14]
 [ 1 84]]",0.8853719234466553,0.053492069244384766,Standard Scaled
3,0.8151260504201681,"[[34  0]
 [22 63]]",0.8091509342193604,0.034017086029052734,Feature Selection
4,0.7815126050420168,"[[14 20]
 [ 6 79]]",0.8887741565704346,0.05191826820373535,PCA
