,Accuracy Score,Confusion Matrix,Training Time,Predict Time,Processing
0,0.9541666666666667,"[[457   2]
 [ 20   1]]",0.11483979225158691,0.0007162094116210938,Label Encoded
1,0.9541666666666667,"[[457   2]
 [ 20   1]]",0.10418486595153809,0.0005900859832763672,One Hot Encoded
2,0.9541666666666667,"[[457   2]
 [ 20   1]]",0.0072290897369384766,0.0004782676696777344,Standard Scaled
3,0.9541666666666667,"[[457   2]
 [ 20   1]]",0.007442951202392578,0.0005300045013427734,Feature Selection
4,0.9541666666666667,"[[457   2]
 [ 20   1]]",0.0049169063568115234,0.0004439353942871094,PCA
