,Accuracy Score,Confusion Matrix,Training Time,Predict Time
Label Encoded,0.95625,"[[459   0]
 [ 21   0]]",1.526289939880371,0.3481881618499756
One Hot Encoded,0.95625,"[[459   0]
 [ 21   0]]",1.500518798828125,0.31443142890930176
Standard Scaled,0.95625,"[[459   0]
 [ 21   0]]",1.5616769790649414,0.31243395805358887
Feature Selection,0.95625,"[[459   0]
 [ 21   0]]",1.473729133605957,0.31645798683166504
PCA,0.95625,"[[459   0]
 [ 21   0]]",1.4681642055511475,0.31584882736206055
