,Accuracy Score,Confusion Matrix,Training Time,Predict Time,Processing
0,1.0,"[[1304    0]
 [   0 1134]]",0.007558107376098633,0.0014269351959228516,Label Encoded
1,1.0,"[[1304    0]
 [   0 1134]]",0.016086101531982422,0.0010271072387695312,One Hot Encoded
2,1.0,"[[1304    0]
 [   0 1134]]",0.006556987762451172,0.0007872581481933594,Standard Scaled
3,0.867104183757178,"[[1072  232]
 [  92 1042]]",0.0017650127410888672,0.0005459785461425781,Feature Selection
4,0.9930270713699754,"[[1295    9]
 [   8 1126]]",0.03500986099243164,0.0007290840148925781,PCA
