,Accuracy Score,Confusion Matrix,Training Time,Predict Time,Processing
0,0.9712879409351928,"[[1272   32]
 [  38 1096]]",1.7912750244140625,0.08557581901550293,Label Encoded
1,1.0,"[[1304    0]
 [   0 1134]]",2.0148117542266846,0.0992891788482666,One Hot Encoded
2,0.9766201804757998,"[[1267   37]
 [  20 1114]]",2.0688560009002686,0.08563590049743652,Standard Scaled
3,0.7908121410992617,"[[1071  233]
 [ 277  857]]",1.5937931537628174,0.05885481834411621,Feature Selection
4,0.9540607054963085,"[[1255   49]
 [  63 1071]]",1.7383112907409668,0.06676673889160156,PCA
